<?xml version="1.0" encoding="UTF-8"?>
<CATALOG>
  <CD>
    <shahar>Santorini</shahar>
    <davlat>Italiya</davlat>
  </CD>
  <CD>
    <shahar>Kaliforniya</shahar>
    <davlat>AQSH</davlat>
  </CD>
  <CD>
    <shahar>Hyuston</shahar>
    <davlat>AQSH</davlat>
  </CD>
  <CD>
    <shahar>Myunxen</shahar>
    <davlat>Germaniya</davlat>
  </CD>
  <CD>
    <shahar>Amsterdam</shahar>
    <davlat>Gollandiya</davlat>
  </CD>
  <CD>
    <shahar>Mumbay</shahar>
    <davlat>Xindiston</davlat>
  </CD>
</CATALOG>
